<annotation>
	<folder>210time</folder>
	<filename>eleven23.jpg</filename>
	<path>F:\210time\eleven23.jpg</path>
	<source>
		<database>Unknown</database>
	</source>
	<size>
		<width>224</width>
		<height>224</height>
		<depth>3</depth>
	</size>
	<segmented>0</segmented>
	<object>
		<name>eleven</name>
		<pose>Unspecified</pose>
		<truncated>0</truncated>
		<difficult>0</difficult>
		<bndbox>
			<xmin>56</xmin>
			<ymin>68</ymin>
			<xmax>112</xmax>
			<ymax>126</ymax>
		</bndbox>
	</object>
</annotation>
