<annotation>
	<folder>k210img</folder>
	<filename>eleven10.jpg</filename>
	<path>F:\k210img\eleven10.jpg</path>
	<source>
		<database>Unknown</database>
	</source>
	<size>
		<width>224</width>
		<height>224</height>
		<depth>3</depth>
	</size>
	<segmented>0</segmented>
	<object>
		<name>eleven</name>
		<pose>Unspecified</pose>
		<truncated>0</truncated>
		<difficult>0</difficult>
		<bndbox>
			<xmin>112</xmin>
			<ymin>85</ymin>
			<xmax>167</xmax>
			<ymax>140</ymax>
		</bndbox>
	</object>
</annotation>
