<annotation>
	<folder>k210img</folder>
	<filename>eleven15.jpg</filename>
	<path>F:\k210img\eleven15.jpg</path>
	<source>
		<database>Unknown</database>
	</source>
	<size>
		<width>224</width>
		<height>224</height>
		<depth>3</depth>
	</size>
	<segmented>0</segmented>
	<object>
		<name>eleven</name>
		<pose>Unspecified</pose>
		<truncated>0</truncated>
		<difficult>0</difficult>
		<bndbox>
			<xmin>55</xmin>
			<ymin>65</ymin>
			<xmax>119</xmax>
			<ymax>132</ymax>
		</bndbox>
	</object>
</annotation>
