<annotation>
	<folder>210time</folder>
	<filename>eleven24.jpg</filename>
	<path>F:\210time\eleven24.jpg</path>
	<source>
		<database>Unknown</database>
	</source>
	<size>
		<width>224</width>
		<height>224</height>
		<depth>3</depth>
	</size>
	<segmented>0</segmented>
	<object>
		<name>eleven</name>
		<pose>Unspecified</pose>
		<truncated>0</truncated>
		<difficult>0</difficult>
		<bndbox>
			<xmin>55</xmin>
			<ymin>56</ymin>
			<xmax>124</xmax>
			<ymax>129</ymax>
		</bndbox>
	</object>
</annotation>
