<annotation>
	<folder>210time</folder>
	<filename>eleven27.jpg</filename>
	<path>F:\210time\eleven27.jpg</path>
	<source>
		<database>Unknown</database>
	</source>
	<size>
		<width>224</width>
		<height>224</height>
		<depth>3</depth>
	</size>
	<segmented>0</segmented>
	<object>
		<name>eleven</name>
		<pose>Unspecified</pose>
		<truncated>0</truncated>
		<difficult>0</difficult>
		<bndbox>
			<xmin>72</xmin>
			<ymin>91</ymin>
			<xmax>120</xmax>
			<ymax>145</ymax>
		</bndbox>
	</object>
</annotation>
