<annotation>
	<folder>k210img</folder>
	<filename>eleven0.jpg</filename>
	<path>F:\k210img\eleven0.jpg</path>
	<source>
		<database>Unknown</database>
	</source>
	<size>
		<width>224</width>
		<height>224</height>
		<depth>3</depth>
	</size>
	<segmented>0</segmented>
	<object>
		<name>eleven</name>
		<pose>Unspecified</pose>
		<truncated>0</truncated>
		<difficult>0</difficult>
		<bndbox>
			<xmin>42</xmin>
			<ymin>100</ymin>
			<xmax>100</xmax>
			<ymax>160</ymax>
		</bndbox>
	</object>
</annotation>
