<annotation>
	<folder>210time</folder>
	<filename>five27.jpg</filename>
	<path>F:\210time\five27.jpg</path>
	<source>
		<database>Unknown</database>
	</source>
	<size>
		<width>224</width>
		<height>224</height>
		<depth>3</depth>
	</size>
	<segmented>0</segmented>
	<object>
		<name>five</name>
		<pose>Unspecified</pose>
		<truncated>0</truncated>
		<difficult>0</difficult>
		<bndbox>
			<xmin>83</xmin>
			<ymin>81</ymin>
			<xmax>131</xmax>
			<ymax>131</ymax>
		</bndbox>
	</object>
</annotation>
