<annotation>
	<folder>k210img</folder>
	<filename>five15.jpg</filename>
	<path>F:\k210img\five15.jpg</path>
	<source>
		<database>Unknown</database>
	</source>
	<size>
		<width>224</width>
		<height>224</height>
		<depth>3</depth>
	</size>
	<segmented>0</segmented>
	<object>
		<name>five</name>
		<pose>Unspecified</pose>
		<truncated>0</truncated>
		<difficult>0</difficult>
		<bndbox>
			<xmin>69</xmin>
			<ymin>57</ymin>
			<xmax>119</xmax>
			<ymax>110</ymax>
		</bndbox>
	</object>
	<object>
		<name>three</name>
		<pose>Unspecified</pose>
		<truncated>0</truncated>
		<difficult>0</difficult>
		<bndbox>
			<xmin>181</xmin>
			<ymin>184</ymin>
			<xmax>217</xmax>
			<ymax>216</ymax>
		</bndbox>
	</object>
</annotation>
