<annotation>
	<folder>k210img</folder>
	<filename>five6.jpg</filename>
	<path>F:\k210img\five6.jpg</path>
	<source>
		<database>Unknown</database>
	</source>
	<size>
		<width>224</width>
		<height>224</height>
		<depth>3</depth>
	</size>
	<segmented>0</segmented>
	<object>
		<name>five</name>
		<pose>Unspecified</pose>
		<truncated>0</truncated>
		<difficult>0</difficult>
		<bndbox>
			<xmin>70</xmin>
			<ymin>117</ymin>
			<xmax>120</xmax>
			<ymax>170</ymax>
		</bndbox>
	</object>
</annotation>
