<annotation>
	<folder>k210img</folder>
	<filename>five1.jpg</filename>
	<path>F:\k210img\five1.jpg</path>
	<source>
		<database>Unknown</database>
	</source>
	<size>
		<width>224</width>
		<height>224</height>
		<depth>3</depth>
	</size>
	<segmented>0</segmented>
	<object>
		<name>five</name>
		<pose>Unspecified</pose>
		<truncated>0</truncated>
		<difficult>0</difficult>
		<bndbox>
			<xmin>84</xmin>
			<ymin>89</ymin>
			<xmax>137</xmax>
			<ymax>143</ymax>
		</bndbox>
	</object>
</annotation>
