<annotation>
	<folder>210time</folder>
	<filename>five23.jpg</filename>
	<path>F:\210time\five23.jpg</path>
	<source>
		<database>Unknown</database>
	</source>
	<size>
		<width>224</width>
		<height>224</height>
		<depth>3</depth>
	</size>
	<segmented>0</segmented>
	<object>
		<name>five</name>
		<pose>Unspecified</pose>
		<truncated>0</truncated>
		<difficult>0</difficult>
		<bndbox>
			<xmin>77</xmin>
			<ymin>100</ymin>
			<xmax>128</xmax>
			<ymax>153</ymax>
		</bndbox>
	</object>
</annotation>
