<annotation>
	<folder>k210img</folder>
	<filename>five4.jpg</filename>
	<path>F:\k210img\five4.jpg</path>
	<source>
		<database>Unknown</database>
	</source>
	<size>
		<width>224</width>
		<height>224</height>
		<depth>3</depth>
	</size>
	<segmented>0</segmented>
	<object>
		<name>five</name>
		<pose>Unspecified</pose>
		<truncated>0</truncated>
		<difficult>0</difficult>
		<bndbox>
			<xmin>8</xmin>
			<ymin>122</ymin>
			<xmax>56</xmax>
			<ymax>176</ymax>
		</bndbox>
	</object>
</annotation>
