<annotation>
	<folder>k210img</folder>
	<filename>four6.jpg</filename>
	<path>F:\k210img\four6.jpg</path>
	<source>
		<database>Unknown</database>
	</source>
	<size>
		<width>224</width>
		<height>224</height>
		<depth>3</depth>
	</size>
	<segmented>0</segmented>
	<object>
		<name>four</name>
		<pose>Unspecified</pose>
		<truncated>0</truncated>
		<difficult>0</difficult>
		<bndbox>
			<xmin>51</xmin>
			<ymin>18</ymin>
			<xmax>104</xmax>
			<ymax>68</ymax>
		</bndbox>
	</object>
</annotation>
