<annotation>
	<folder>210time</folder>
	<filename>four22.jpg</filename>
	<path>F:\210time\four22.jpg</path>
	<source>
		<database>Unknown</database>
	</source>
	<size>
		<width>224</width>
		<height>224</height>
		<depth>3</depth>
	</size>
	<segmented>0</segmented>
	<object>
		<name>four</name>
		<pose>Unspecified</pose>
		<truncated>0</truncated>
		<difficult>0</difficult>
		<bndbox>
			<xmin>73</xmin>
			<ymin>107</ymin>
			<xmax>129</xmax>
			<ymax>159</ymax>
		</bndbox>
	</object>
</annotation>
