<annotation>
	<folder>210time</folder>
	<filename>four20.jpg</filename>
	<path>F:\210time\four20.jpg</path>
	<source>
		<database>Unknown</database>
	</source>
	<size>
		<width>224</width>
		<height>224</height>
		<depth>3</depth>
	</size>
	<segmented>0</segmented>
	<object>
		<name>four</name>
		<pose>Unspecified</pose>
		<truncated>0</truncated>
		<difficult>0</difficult>
		<bndbox>
			<xmin>95</xmin>
			<ymin>120</ymin>
			<xmax>142</xmax>
			<ymax>168</ymax>
		</bndbox>
	</object>
</annotation>
