<annotation>
	<folder>210time</folder>
	<filename>four24.jpg</filename>
	<path>F:\210time\four24.jpg</path>
	<source>
		<database>Unknown</database>
	</source>
	<size>
		<width>224</width>
		<height>224</height>
		<depth>3</depth>
	</size>
	<segmented>0</segmented>
	<object>
		<name>four</name>
		<pose>Unspecified</pose>
		<truncated>0</truncated>
		<difficult>0</difficult>
		<bndbox>
			<xmin>82</xmin>
			<ymin>94</ymin>
			<xmax>132</xmax>
			<ymax>150</ymax>
		</bndbox>
	</object>
</annotation>
