<annotation>
	<folder>k210img</folder>
	<filename>four11.jpg</filename>
	<path>F:\k210img\four11.jpg</path>
	<source>
		<database>Unknown</database>
	</source>
	<size>
		<width>224</width>
		<height>224</height>
		<depth>3</depth>
	</size>
	<segmented>0</segmented>
	<object>
		<name>four</name>
		<pose>Unspecified</pose>
		<truncated>0</truncated>
		<difficult>0</difficult>
		<bndbox>
			<xmin>40</xmin>
			<ymin>53</ymin>
			<xmax>98</xmax>
			<ymax>101</ymax>
		</bndbox>
	</object>
</annotation>
