<annotation>
	<folder>210time</folder>
	<filename>four23.jpg</filename>
	<path>F:\210time\four23.jpg</path>
	<source>
		<database>Unknown</database>
	</source>
	<size>
		<width>224</width>
		<height>224</height>
		<depth>3</depth>
	</size>
	<segmented>0</segmented>
	<object>
		<name>four</name>
		<pose>Unspecified</pose>
		<truncated>0</truncated>
		<difficult>0</difficult>
		<bndbox>
			<xmin>71</xmin>
			<ymin>88</ymin>
			<xmax>123</xmax>
			<ymax>148</ymax>
		</bndbox>
	</object>
</annotation>
