<annotation>
	<folder>k210img</folder>
	<filename>nine12.jpg</filename>
	<path>F:\k210img\nine12.jpg</path>
	<source>
		<database>Unknown</database>
	</source>
	<size>
		<width>224</width>
		<height>224</height>
		<depth>3</depth>
	</size>
	<segmented>0</segmented>
	<object>
		<name>nine</name>
		<pose>Unspecified</pose>
		<truncated>0</truncated>
		<difficult>0</difficult>
		<bndbox>
			<xmin>57</xmin>
			<ymin>99</ymin>
			<xmax>116</xmax>
			<ymax>155</ymax>
		</bndbox>
	</object>
	<object>
		<name>eight</name>
		<pose>Unspecified</pose>
		<truncated>1</truncated>
		<difficult>0</difficult>
		<bndbox>
			<xmin>183</xmin>
			<ymin>205</ymin>
			<xmax>218</xmax>
			<ymax>224</ymax>
		</bndbox>
	</object>
</annotation>
