<annotation>
	<folder>k210img</folder>
	<filename>nine13.jpg</filename>
	<path>F:\k210img\nine13.jpg</path>
	<source>
		<database>Unknown</database>
	</source>
	<size>
		<width>224</width>
		<height>224</height>
		<depth>3</depth>
	</size>
	<segmented>0</segmented>
	<object>
		<name>nine</name>
		<pose>Unspecified</pose>
		<truncated>0</truncated>
		<difficult>0</difficult>
		<bndbox>
			<xmin>50</xmin>
			<ymin>71</ymin>
			<xmax>105</xmax>
			<ymax>124</ymax>
		</bndbox>
	</object>
	<object>
		<name>eight</name>
		<pose>Unspecified</pose>
		<truncated>0</truncated>
		<difficult>0</difficult>
		<bndbox>
			<xmin>180</xmin>
			<ymin>174</ymin>
			<xmax>211</xmax>
			<ymax>205</ymax>
		</bndbox>
	</object>
</annotation>
