<annotation>
	<folder>k210img</folder>
	<filename>nine6.jpg</filename>
	<path>F:\k210img\nine6.jpg</path>
	<source>
		<database>Unknown</database>
	</source>
	<size>
		<width>224</width>
		<height>224</height>
		<depth>3</depth>
	</size>
	<segmented>0</segmented>
	<object>
		<name>nine</name>
		<pose>Unspecified</pose>
		<truncated>0</truncated>
		<difficult>0</difficult>
		<bndbox>
			<xmin>72</xmin>
			<ymin>108</ymin>
			<xmax>124</xmax>
			<ymax>161</ymax>
		</bndbox>
	</object>
</annotation>
