<annotation>
	<folder>k210img</folder>
	<filename>nine18.jpg</filename>
	<path>F:\k210img\nine18.jpg</path>
	<source>
		<database>Unknown</database>
	</source>
	<size>
		<width>224</width>
		<height>224</height>
		<depth>3</depth>
	</size>
	<segmented>0</segmented>
	<object>
		<name>nine</name>
		<pose>Unspecified</pose>
		<truncated>0</truncated>
		<difficult>0</difficult>
		<bndbox>
			<xmin>109</xmin>
			<ymin>86</ymin>
			<xmax>162</xmax>
			<ymax>143</ymax>
		</bndbox>
	</object>
</annotation>
