<annotation>
	<folder>k210img</folder>
	<filename>nine15.jpg</filename>
	<path>F:\k210img\nine15.jpg</path>
	<source>
		<database>Unknown</database>
	</source>
	<size>
		<width>224</width>
		<height>224</height>
		<depth>3</depth>
	</size>
	<segmented>0</segmented>
	<object>
		<name>nine</name>
		<pose>Unspecified</pose>
		<truncated>0</truncated>
		<difficult>0</difficult>
		<bndbox>
			<xmin>113</xmin>
			<ymin>44</ymin>
			<xmax>171</xmax>
			<ymax>102</ymax>
		</bndbox>
	</object>
</annotation>
