<annotation>
	<folder>k210img</folder>
	<filename>one12.jpg</filename>
	<path>F:\k210img\one12.jpg</path>
	<source>
		<database>Unknown</database>
	</source>
	<size>
		<width>224</width>
		<height>224</height>
		<depth>3</depth>
	</size>
	<segmented>0</segmented>
	<object>
		<name>one</name>
		<pose>Unspecified</pose>
		<truncated>0</truncated>
		<difficult>0</difficult>
		<bndbox>
			<xmin>138</xmin>
			<ymin>58</ymin>
			<xmax>192</xmax>
			<ymax>110</ymax>
		</bndbox>
	</object>
	<object>
		<name>eight</name>
		<pose>Unspecified</pose>
		<truncated>1</truncated>
		<difficult>0</difficult>
		<bndbox>
			<xmin>38</xmin>
			<ymin>207</ymin>
			<xmax>80</xmax>
			<ymax>224</ymax>
		</bndbox>
	</object>
</annotation>
