<annotation>
	<folder>k210img</folder>
	<filename>one13.jpg</filename>
	<path>F:\k210img\one13.jpg</path>
	<source>
		<database>Unknown</database>
	</source>
	<size>
		<width>224</width>
		<height>224</height>
		<depth>3</depth>
	</size>
	<segmented>0</segmented>
	<object>
		<name>one</name>
		<pose>Unspecified</pose>
		<truncated>0</truncated>
		<difficult>0</difficult>
		<bndbox>
			<xmin>109</xmin>
			<ymin>99</ymin>
			<xmax>160</xmax>
			<ymax>151</ymax>
		</bndbox>
	</object>
</annotation>
