<annotation>
	<folder>210time</folder>
	<filename>seven26.jpg</filename>
	<path>F:\210time\seven26.jpg</path>
	<source>
		<database>Unknown</database>
	</source>
	<size>
		<width>224</width>
		<height>224</height>
		<depth>3</depth>
	</size>
	<segmented>0</segmented>
	<object>
		<name>seven</name>
		<pose>Unspecified</pose>
		<truncated>0</truncated>
		<difficult>0</difficult>
		<bndbox>
			<xmin>88</xmin>
			<ymin>75</ymin>
			<xmax>132</xmax>
			<ymax>124</ymax>
		</bndbox>
	</object>
	<object>
		<name>nine</name>
		<pose>Unspecified</pose>
		<truncated>1</truncated>
		<difficult>0</difficult>
		<bndbox>
			<xmin>189</xmin>
			<ymin>186</ymin>
			<xmax>223</xmax>
			<ymax>224</ymax>
		</bndbox>
	</object>
</annotation>
