<annotation>
	<folder>210time</folder>
	<filename>seven20.jpg</filename>
	<path>F:\210time\seven20.jpg</path>
	<source>
		<database>Unknown</database>
	</source>
	<size>
		<width>224</width>
		<height>224</height>
		<depth>3</depth>
	</size>
	<segmented>0</segmented>
	<object>
		<name>seven</name>
		<pose>Unspecified</pose>
		<truncated>0</truncated>
		<difficult>0</difficult>
		<bndbox>
			<xmin>68</xmin>
			<ymin>50</ymin>
			<xmax>117</xmax>
			<ymax>101</ymax>
		</bndbox>
	</object>
</annotation>
