<annotation>
	<folder>210time</folder>
	<filename>seven23.jpg</filename>
	<path>F:\210time\seven23.jpg</path>
	<source>
		<database>Unknown</database>
	</source>
	<size>
		<width>224</width>
		<height>224</height>
		<depth>3</depth>
	</size>
	<segmented>0</segmented>
	<object>
		<name>seven</name>
		<pose>Unspecified</pose>
		<truncated>0</truncated>
		<difficult>0</difficult>
		<bndbox>
			<xmin>92</xmin>
			<ymin>105</ymin>
			<xmax>138</xmax>
			<ymax>154</ymax>
		</bndbox>
	</object>
</annotation>
