<annotation>
	<folder>210time</folder>
	<filename>seven24.jpg</filename>
	<path>F:\210time\seven24.jpg</path>
	<source>
		<database>Unknown</database>
	</source>
	<size>
		<width>224</width>
		<height>224</height>
		<depth>3</depth>
	</size>
	<segmented>0</segmented>
	<object>
		<name>seven</name>
		<pose>Unspecified</pose>
		<truncated>0</truncated>
		<difficult>0</difficult>
		<bndbox>
			<xmin>88</xmin>
			<ymin>74</ymin>
			<xmax>131</xmax>
			<ymax>122</ymax>
		</bndbox>
	</object>
	<object>
		<name>two</name>
		<pose>Unspecified</pose>
		<truncated>0</truncated>
		<difficult>0</difficult>
		<bndbox>
			<xmin>186</xmin>
			<ymin>188</ymin>
			<xmax>212</xmax>
			<ymax>218</ymax>
		</bndbox>
	</object>
</annotation>
