<annotation>
	<folder>210time</folder>
	<filename>seven21.jpg</filename>
	<path>F:\210time\seven21.jpg</path>
	<source>
		<database>Unknown</database>
	</source>
	<size>
		<width>224</width>
		<height>224</height>
		<depth>3</depth>
	</size>
	<segmented>0</segmented>
	<object>
		<name>seven</name>
		<pose>Unspecified</pose>
		<truncated>0</truncated>
		<difficult>0</difficult>
		<bndbox>
			<xmin>66</xmin>
			<ymin>62</ymin>
			<xmax>114</xmax>
			<ymax>113</ymax>
		</bndbox>
	</object>
	<object>
		<name>ten</name>
		<pose>Unspecified</pose>
		<truncated>1</truncated>
		<difficult>0</difficult>
		<bndbox>
			<xmin>173</xmin>
			<ymin>193</ymin>
			<xmax>207</xmax>
			<ymax>224</ymax>
		</bndbox>
	</object>
</annotation>
