<annotation>
	<folder>210time</folder>
	<filename>six22.jpg</filename>
	<path>F:\210time\six22.jpg</path>
	<source>
		<database>Unknown</database>
	</source>
	<size>
		<width>224</width>
		<height>224</height>
		<depth>3</depth>
	</size>
	<segmented>0</segmented>
	<object>
		<name>six</name>
		<pose>Unspecified</pose>
		<truncated>0</truncated>
		<difficult>0</difficult>
		<bndbox>
			<xmin>98</xmin>
			<ymin>81</ymin>
			<xmax>146</xmax>
			<ymax>133</ymax>
		</bndbox>
	</object>
</annotation>
