<annotation>
	<folder>210time</folder>
	<filename>six24.jpg</filename>
	<path>F:\210time\six24.jpg</path>
	<source>
		<database>Unknown</database>
	</source>
	<size>
		<width>224</width>
		<height>224</height>
		<depth>3</depth>
	</size>
	<segmented>0</segmented>
	<object>
		<name>six</name>
		<pose>Unspecified</pose>
		<truncated>0</truncated>
		<difficult>0</difficult>
		<bndbox>
			<xmin>99</xmin>
			<ymin>87</ymin>
			<xmax>144</xmax>
			<ymax>137</ymax>
		</bndbox>
	</object>
</annotation>
