<annotation>
	<folder>210time</folder>
	<filename>six26.jpg</filename>
	<path>F:\210time\six26.jpg</path>
	<source>
		<database>Unknown</database>
	</source>
	<size>
		<width>224</width>
		<height>224</height>
		<depth>3</depth>
	</size>
	<segmented>0</segmented>
	<object>
		<name>six</name>
		<pose>Unspecified</pose>
		<truncated>0</truncated>
		<difficult>0</difficult>
		<bndbox>
			<xmin>44</xmin>
			<ymin>95</ymin>
			<xmax>93</xmax>
			<ymax>147</ymax>
		</bndbox>
	</object>
	<object>
		<name>twelve</name>
		<pose>Unspecified</pose>
		<truncated>1</truncated>
		<difficult>0</difficult>
		<bndbox>
			<xmin>199</xmin>
			<ymin>114</ymin>
			<xmax>224</xmax>
			<ymax>168</ymax>
		</bndbox>
	</object>
</annotation>
