<annotation>
	<folder>210time</folder>
	<filename>six20.jpg</filename>
	<path>F:\210time\six20.jpg</path>
	<source>
		<database>Unknown</database>
	</source>
	<size>
		<width>224</width>
		<height>224</height>
		<depth>3</depth>
	</size>
	<segmented>0</segmented>
	<object>
		<name>six</name>
		<pose>Unspecified</pose>
		<truncated>0</truncated>
		<difficult>0</difficult>
		<bndbox>
			<xmin>87</xmin>
			<ymin>75</ymin>
			<xmax>134</xmax>
			<ymax>126</ymax>
		</bndbox>
	</object>
</annotation>
