<annotation>
	<folder>210time</folder>
	<filename>start27.jpg</filename>
	<path>F:\210time\start27.jpg</path>
	<source>
		<database>Unknown</database>
	</source>
	<size>
		<width>224</width>
		<height>224</height>
		<depth>3</depth>
	</size>
	<segmented>0</segmented>
	<object>
		<name>start</name>
		<pose>Unspecified</pose>
		<truncated>0</truncated>
		<difficult>0</difficult>
		<bndbox>
			<xmin>14</xmin>
			<ymin>9</ymin>
			<xmax>119</xmax>
			<ymax>113</ymax>
		</bndbox>
	</object>
</annotation>
