<annotation>
	<folder>k210img</folder>
	<filename>start19.jpg</filename>
	<path>F:\k210img\start19.jpg</path>
	<source>
		<database>Unknown</database>
	</source>
	<size>
		<width>224</width>
		<height>224</height>
		<depth>3</depth>
	</size>
	<segmented>0</segmented>
	<object>
		<name>start</name>
		<pose>Unspecified</pose>
		<truncated>0</truncated>
		<difficult>0</difficult>
		<bndbox>
			<xmin>22</xmin>
			<ymin>67</ymin>
			<xmax>145</xmax>
			<ymax>193</ymax>
		</bndbox>
	</object>
</annotation>
