<annotation>
	<folder>210time</folder>
	<filename>ten19.jpg</filename>
	<path>F:\210time\ten19.jpg</path>
	<source>
		<database>Unknown</database>
	</source>
	<size>
		<width>224</width>
		<height>224</height>
		<depth>3</depth>
	</size>
	<segmented>0</segmented>
	<object>
		<name>ten</name>
		<pose>Unspecified</pose>
		<truncated>0</truncated>
		<difficult>0</difficult>
		<bndbox>
			<xmin>68</xmin>
			<ymin>69</ymin>
			<xmax>126</xmax>
			<ymax>131</ymax>
		</bndbox>
	</object>
	<object>
		<name>seven</name>
		<pose>Unspecified</pose>
		<truncated>1</truncated>
		<difficult>0</difficult>
		<bndbox>
			<xmin>202</xmin>
			<ymin>180</ymin>
			<xmax>224</xmax>
			<ymax>215</ymax>
		</bndbox>
	</object>
</annotation>
