<annotation>
	<folder>k210img</folder>
	<filename>ten15.jpg</filename>
	<path>F:\k210img\ten15.jpg</path>
	<source>
		<database>Unknown</database>
	</source>
	<size>
		<width>224</width>
		<height>224</height>
		<depth>3</depth>
	</size>
	<segmented>0</segmented>
	<object>
		<name>ten</name>
		<pose>Unspecified</pose>
		<truncated>0</truncated>
		<difficult>0</difficult>
		<bndbox>
			<xmin>65</xmin>
			<ymin>90</ymin>
			<xmax>135</xmax>
			<ymax>160</ymax>
		</bndbox>
	</object>
</annotation>
