<annotation>
	<folder>210time</folder>
	<filename>ten20.jpg</filename>
	<path>F:\210time\ten20.jpg</path>
	<source>
		<database>Unknown</database>
	</source>
	<size>
		<width>224</width>
		<height>224</height>
		<depth>3</depth>
	</size>
	<segmented>0</segmented>
	<object>
		<name>ten</name>
		<pose>Unspecified</pose>
		<truncated>0</truncated>
		<difficult>0</difficult>
		<bndbox>
			<xmin>53</xmin>
			<ymin>37</ymin>
			<xmax>112</xmax>
			<ymax>101</ymax>
		</bndbox>
	</object>
	<object>
		<name>seven</name>
		<pose>Unspecified</pose>
		<truncated>1</truncated>
		<difficult>0</difficult>
		<bndbox>
			<xmin>196</xmin>
			<ymin>141</ymin>
			<xmax>224</xmax>
			<ymax>179</ymax>
		</bndbox>
	</object>
</annotation>
