<annotation>
	<folder>210time</folder>
	<filename>ten26.jpg</filename>
	<path>F:\210time\ten26.jpg</path>
	<source>
		<database>Unknown</database>
	</source>
	<size>
		<width>224</width>
		<height>224</height>
		<depth>3</depth>
	</size>
	<segmented>0</segmented>
	<object>
		<name>ten</name>
		<pose>Unspecified</pose>
		<truncated>0</truncated>
		<difficult>0</difficult>
		<bndbox>
			<xmin>91</xmin>
			<ymin>63</ymin>
			<xmax>146</xmax>
			<ymax>119</ymax>
		</bndbox>
	</object>
</annotation>
