<annotation>
	<folder>210time</folder>
	<filename>ten27.jpg</filename>
	<path>F:\210time\ten27.jpg</path>
	<source>
		<database>Unknown</database>
	</source>
	<size>
		<width>224</width>
		<height>224</height>
		<depth>3</depth>
	</size>
	<segmented>0</segmented>
	<object>
		<name>ten</name>
		<pose>Unspecified</pose>
		<truncated>0</truncated>
		<difficult>0</difficult>
		<bndbox>
			<xmin>85</xmin>
			<ymin>60</ymin>
			<xmax>154</xmax>
			<ymax>134</ymax>
		</bndbox>
	</object>
</annotation>
