<annotation>
	<folder>210time</folder>
	<filename>three22.jpg</filename>
	<path>F:\210time\three22.jpg</path>
	<source>
		<database>Unknown</database>
	</source>
	<size>
		<width>224</width>
		<height>224</height>
		<depth>3</depth>
	</size>
	<segmented>0</segmented>
	<object>
		<name>three</name>
		<pose>Unspecified</pose>
		<truncated>0</truncated>
		<difficult>0</difficult>
		<bndbox>
			<xmin>86</xmin>
			<ymin>79</ymin>
			<xmax>138</xmax>
			<ymax>132</ymax>
		</bndbox>
	</object>
</annotation>
