<annotation>
	<folder>210time</folder>
	<filename>three20.jpg</filename>
	<path>F:\210time\three20.jpg</path>
	<source>
		<database>Unknown</database>
	</source>
	<size>
		<width>224</width>
		<height>224</height>
		<depth>3</depth>
	</size>
	<segmented>0</segmented>
	<object>
		<name>three</name>
		<pose>Unspecified</pose>
		<truncated>0</truncated>
		<difficult>0</difficult>
		<bndbox>
			<xmin>51</xmin>
			<ymin>59</ymin>
			<xmax>102</xmax>
			<ymax>115</ymax>
		</bndbox>
	</object>
	<object>
		<name>five</name>
		<pose>Unspecified</pose>
		<truncated>0</truncated>
		<difficult>0</difficult>
		<bndbox>
			<xmin>161</xmin>
			<ymin>184</ymin>
			<xmax>199</xmax>
			<ymax>221</ymax>
		</bndbox>
	</object>
</annotation>
