<annotation>
	<folder>210time</folder>
	<filename>three21.jpg</filename>
	<path>F:\210time\three21.jpg</path>
	<source>
		<database>Unknown</database>
	</source>
	<size>
		<width>224</width>
		<height>224</height>
		<depth>3</depth>
	</size>
	<segmented>0</segmented>
	<object>
		<name>three</name>
		<pose>Unspecified</pose>
		<truncated>0</truncated>
		<difficult>0</difficult>
		<bndbox>
			<xmin>75</xmin>
			<ymin>82</ymin>
			<xmax>126</xmax>
			<ymax>130</ymax>
		</bndbox>
	</object>
	<object>
		<name>eleven</name>
		<pose>Unspecified</pose>
		<truncated>1</truncated>
		<difficult>0</difficult>
		<bndbox>
			<xmin>201</xmin>
			<ymin>41</ymin>
			<xmax>224</xmax>
			<ymax>84</ymax>
		</bndbox>
	</object>
</annotation>
