<annotation>
	<folder>k210img</folder>
	<filename>three3.jpg</filename>
	<path>F:\k210img\three3.jpg</path>
	<source>
		<database>Unknown</database>
	</source>
	<size>
		<width>224</width>
		<height>224</height>
		<depth>3</depth>
	</size>
	<segmented>0</segmented>
	<object>
		<name>three</name>
		<pose>Unspecified</pose>
		<truncated>0</truncated>
		<difficult>0</difficult>
		<bndbox>
			<xmin>81</xmin>
			<ymin>80</ymin>
			<xmax>130</xmax>
			<ymax>136</ymax>
		</bndbox>
	</object>
</annotation>
