<annotation>
	<folder>k210img</folder>
	<filename>twelve18.jpg</filename>
	<path>F:\k210img\twelve18.jpg</path>
	<source>
		<database>Unknown</database>
	</source>
	<size>
		<width>224</width>
		<height>224</height>
		<depth>3</depth>
	</size>
	<segmented>0</segmented>
	<object>
		<name>twelve</name>
		<pose>Unspecified</pose>
		<truncated>0</truncated>
		<difficult>0</difficult>
		<bndbox>
			<xmin>66</xmin>
			<ymin>68</ymin>
			<xmax>131</xmax>
			<ymax>136</ymax>
		</bndbox>
	</object>
</annotation>
