<annotation>
	<folder>k210img</folder>
	<filename>twelve1.jpg</filename>
	<path>F:\k210img\twelve1.jpg</path>
	<source>
		<database>Unknown</database>
	</source>
	<size>
		<width>224</width>
		<height>224</height>
		<depth>3</depth>
	</size>
	<segmented>0</segmented>
	<object>
		<name>twelve</name>
		<pose>Unspecified</pose>
		<truncated>0</truncated>
		<difficult>0</difficult>
		<bndbox>
			<xmin>34</xmin>
			<ymin>145</ymin>
			<xmax>87</xmax>
			<ymax>206</ymax>
		</bndbox>
	</object>
	<object>
		<name>three</name>
		<pose>Unspecified</pose>
		<truncated>0</truncated>
		<difficult>0</difficult>
		<bndbox>
			<xmin>174</xmin>
			<ymin>55</ymin>
			<xmax>200</xmax>
			<ymax>90</ymax>
		</bndbox>
	</object>
</annotation>
