<annotation>
	<folder>k210img</folder>
	<filename>twelve2.jpg</filename>
	<path>F:\k210img\twelve2.jpg</path>
	<source>
		<database>Unknown</database>
	</source>
	<size>
		<width>224</width>
		<height>224</height>
		<depth>3</depth>
	</size>
	<segmented>0</segmented>
	<object>
		<name>three</name>
		<pose>Unspecified</pose>
		<truncated>0</truncated>
		<difficult>0</difficult>
		<bndbox>
			<xmin>87</xmin>
			<ymin>46</ymin>
			<xmax>140</xmax>
			<ymax>105</ymax>
		</bndbox>
	</object>
</annotation>
