<annotation>
	<folder>210time</folder>
	<filename>twelve24.jpg</filename>
	<path>F:\210time\twelve24.jpg</path>
	<source>
		<database>Unknown</database>
	</source>
	<size>
		<width>224</width>
		<height>224</height>
		<depth>3</depth>
	</size>
	<segmented>0</segmented>
	<object>
		<name>twelve</name>
		<pose>Unspecified</pose>
		<truncated>0</truncated>
		<difficult>0</difficult>
		<bndbox>
			<xmin>95</xmin>
			<ymin>64</ymin>
			<xmax>151</xmax>
			<ymax>128</ymax>
		</bndbox>
	</object>
</annotation>
