<annotation>
	<folder>k210img</folder>
	<filename>twelve7.jpg</filename>
	<path>F:\k210img\twelve7.jpg</path>
	<source>
		<database>Unknown</database>
	</source>
	<size>
		<width>224</width>
		<height>224</height>
		<depth>3</depth>
	</size>
	<segmented>0</segmented>
	<object>
		<name>twelve</name>
		<pose>Unspecified</pose>
		<truncated>0</truncated>
		<difficult>0</difficult>
		<bndbox>
			<xmin>62</xmin>
			<ymin>146</ymin>
			<xmax>119</xmax>
			<ymax>207</ymax>
		</bndbox>
	</object>
	<object>
		<name>three</name>
		<pose>Unspecified</pose>
		<truncated>1</truncated>
		<difficult>0</difficult>
		<bndbox>
			<xmin>198</xmin>
			<ymin>56</ymin>
			<xmax>224</xmax>
			<ymax>88</ymax>
		</bndbox>
	</object>
</annotation>
