<annotation>
	<folder>k210img</folder>
	<filename>twelve5.jpg</filename>
	<path>F:\k210img\twelve5.jpg</path>
	<source>
		<database>Unknown</database>
	</source>
	<size>
		<width>224</width>
		<height>224</height>
		<depth>3</depth>
	</size>
	<segmented>0</segmented>
	<object>
		<name>three</name>
		<pose>Unspecified</pose>
		<truncated>0</truncated>
		<difficult>0</difficult>
		<bndbox>
			<xmin>26</xmin>
			<ymin>86</ymin>
			<xmax>74</xmax>
			<ymax>144</ymax>
		</bndbox>
	</object>
	<object>
		<name>three</name>
		<pose>Unspecified</pose>
		<truncated>0</truncated>
		<difficult>0</difficult>
		<bndbox>
			<xmin>160</xmin>
			<ymin>8</ymin>
			<xmax>184</xmax>
			<ymax>39</ymax>
		</bndbox>
	</object>
</annotation>
