<annotation>
	<folder>210time</folder>
	<filename>two18.jpg</filename>
	<path>F:\210time\two18.jpg</path>
	<source>
		<database>Unknown</database>
	</source>
	<size>
		<width>224</width>
		<height>224</height>
		<depth>3</depth>
	</size>
	<segmented>0</segmented>
	<object>
		<name>two</name>
		<pose>Unspecified</pose>
		<truncated>0</truncated>
		<difficult>0</difficult>
		<bndbox>
			<xmin>69</xmin>
			<ymin>74</ymin>
			<xmax>122</xmax>
			<ymax>123</ymax>
		</bndbox>
	</object>
</annotation>
