<annotation>
	<folder>k210img</folder>
	<filename>two1.jpg</filename>
	<path>F:\k210img\two1.jpg</path>
	<source>
		<database>Unknown</database>
	</source>
	<size>
		<width>224</width>
		<height>224</height>
		<depth>3</depth>
	</size>
	<segmented>0</segmented>
	<object>
		<name>two</name>
		<pose>Unspecified</pose>
		<truncated>0</truncated>
		<difficult>0</difficult>
		<bndbox>
			<xmin>40</xmin>
			<ymin>74</ymin>
			<xmax>87</xmax>
			<ymax>125</ymax>
		</bndbox>
	</object>
	<object>
		<name>three</name>
		<pose>Unspecified</pose>
		<truncated>1</truncated>
		<difficult>0</difficult>
		<bndbox>
			<xmin>171</xmin>
			<ymin>197</ymin>
			<xmax>210</xmax>
			<ymax>224</ymax>
		</bndbox>
	</object>
</annotation>
