<annotation>
	<folder>210time</folder>
	<filename>two20.jpg</filename>
	<path>F:\210time\two20.jpg</path>
	<source>
		<database>Unknown</database>
	</source>
	<size>
		<width>224</width>
		<height>224</height>
		<depth>3</depth>
	</size>
	<segmented>0</segmented>
	<object>
		<name>two</name>
		<pose>Unspecified</pose>
		<truncated>0</truncated>
		<difficult>0</difficult>
		<bndbox>
			<xmin>75</xmin>
			<ymin>50</ymin>
			<xmax>133</xmax>
			<ymax>103</ymax>
		</bndbox>
	</object>
</annotation>
