<annotation>
	<folder>210time</folder>
	<filename>two24.jpg</filename>
	<path>F:\210time\two24.jpg</path>
	<source>
		<database>Unknown</database>
	</source>
	<size>
		<width>224</width>
		<height>224</height>
		<depth>3</depth>
	</size>
	<segmented>0</segmented>
	<object>
		<name>two</name>
		<pose>Unspecified</pose>
		<truncated>0</truncated>
		<difficult>0</difficult>
		<bndbox>
			<xmin>39</xmin>
			<ymin>75</ymin>
			<xmax>89</xmax>
			<ymax>128</ymax>
		</bndbox>
	</object>
	<object>
		<name>eight</name>
		<pose>Unspecified</pose>
		<truncated>0</truncated>
		<difficult>0</difficult>
		<bndbox>
			<xmin>186</xmin>
			<ymin>163</ymin>
			<xmax>213</xmax>
			<ymax>195</ymax>
		</bndbox>
	</object>
</annotation>
