<annotation>
	<folder>210time</folder>
	<filename>two22.jpg</filename>
	<path>F:\210time\two22.jpg</path>
	<source>
		<database>Unknown</database>
	</source>
	<size>
		<width>224</width>
		<height>224</height>
		<depth>3</depth>
	</size>
	<segmented>0</segmented>
	<object>
		<name>two</name>
		<pose>Unspecified</pose>
		<truncated>0</truncated>
		<difficult>0</difficult>
		<bndbox>
			<xmin>85</xmin>
			<ymin>71</ymin>
			<xmax>137</xmax>
			<ymax>120</ymax>
		</bndbox>
	</object>
	<object>
		<name>seven</name>
		<pose>Unspecified</pose>
		<truncated>0</truncated>
		<difficult>0</difficult>
		<bndbox>
			<xmin>195</xmin>
			<ymin>187</ymin>
			<xmax>222</xmax>
			<ymax>221</ymax>
		</bndbox>
	</object>
</annotation>
