<annotation>
	<folder>k210img</folder>
	<filename>two2.jpg</filename>
	<path>F:\k210img\two2.jpg</path>
	<source>
		<database>Unknown</database>
	</source>
	<size>
		<width>224</width>
		<height>224</height>
		<depth>3</depth>
	</size>
	<segmented>0</segmented>
	<object>
		<name>two</name>
		<pose>Unspecified</pose>
		<truncated>0</truncated>
		<difficult>0</difficult>
		<bndbox>
			<xmin>28</xmin>
			<ymin>58</ymin>
			<xmax>75</xmax>
			<ymax>108</ymax>
		</bndbox>
	</object>
	<object>
		<name>three</name>
		<pose>Unspecified</pose>
		<truncated>0</truncated>
		<difficult>0</difficult>
		<bndbox>
			<xmin>166</xmin>
			<ymin>175</ymin>
			<xmax>201</xmax>
			<ymax>211</ymax>
		</bndbox>
	</object>
</annotation>
