<annotation>
	<folder>210time</folder>
	<filename>two21.jpg</filename>
	<path>F:\210time\two21.jpg</path>
	<source>
		<database>Unknown</database>
	</source>
	<size>
		<width>224</width>
		<height>224</height>
		<depth>3</depth>
	</size>
	<segmented>0</segmented>
	<object>
		<name>two</name>
		<pose>Unspecified</pose>
		<truncated>0</truncated>
		<difficult>0</difficult>
		<bndbox>
			<xmin>72</xmin>
			<ymin>125</ymin>
			<xmax>130</xmax>
			<ymax>176</ymax>
		</bndbox>
	</object>
	<object>
		<name>six</name>
		<pose>Unspecified</pose>
		<truncated>0</truncated>
		<difficult>0</difficult>
		<bndbox>
			<xmin>194</xmin>
			<ymin>26</ymin>
			<xmax>223</xmax>
			<ymax>62</ymax>
		</bndbox>
	</object>
</annotation>
