<annotation>
	<folder>k210img</folder>
	<filename>two3.jpg</filename>
	<path>F:\k210img\two3.jpg</path>
	<source>
		<database>Unknown</database>
	</source>
	<size>
		<width>224</width>
		<height>224</height>
		<depth>3</depth>
	</size>
	<segmented>0</segmented>
	<object>
		<name>two</name>
		<pose>Unspecified</pose>
		<truncated>0</truncated>
		<difficult>0</difficult>
		<bndbox>
			<xmin>22</xmin>
			<ymin>137</ymin>
			<xmax>73</xmax>
			<ymax>188</ymax>
		</bndbox>
	</object>
	<object>
		<name>eight</name>
		<pose>Unspecified</pose>
		<truncated>0</truncated>
		<difficult>0</difficult>
		<bndbox>
			<xmin>163</xmin>
			<ymin>27</ymin>
			<xmax>198</xmax>
			<ymax>64</ymax>
		</bndbox>
	</object>
</annotation>
