<annotation>
	<folder>k210img</folder>
	<filename>two6.jpg</filename>
	<path>F:\k210img\two6.jpg</path>
	<source>
		<database>Unknown</database>
	</source>
	<size>
		<width>224</width>
		<height>224</height>
		<depth>3</depth>
	</size>
	<segmented>0</segmented>
	<object>
		<name>two</name>
		<pose>Unspecified</pose>
		<truncated>0</truncated>
		<difficult>0</difficult>
		<bndbox>
			<xmin>34</xmin>
			<ymin>99</ymin>
			<xmax>90</xmax>
			<ymax>151</ymax>
		</bndbox>
	</object>
	<object>
		<name>eight</name>
		<pose>Unspecified</pose>
		<truncated>1</truncated>
		<difficult>0</difficult>
		<bndbox>
			<xmin>203</xmin>
			<ymin>22</ymin>
			<xmax>224</xmax>
			<ymax>60</ymax>
		</bndbox>
	</object>
</annotation>
