<annotation>
	<folder>k210img</folder>
	<filename>two8.jpg</filename>
	<path>F:\k210img\two8.jpg</path>
	<source>
		<database>Unknown</database>
	</source>
	<size>
		<width>224</width>
		<height>224</height>
		<depth>3</depth>
	</size>
	<segmented>0</segmented>
	<object>
		<name>two</name>
		<pose>Unspecified</pose>
		<truncated>0</truncated>
		<difficult>0</difficult>
		<bndbox>
			<xmin>45</xmin>
			<ymin>69</ymin>
			<xmax>97</xmax>
			<ymax>125</ymax>
		</bndbox>
	</object>
	<object>
		<name>three</name>
		<pose>Unspecified</pose>
		<truncated>1</truncated>
		<difficult>0</difficult>
		<bndbox>
			<xmin>178</xmin>
			<ymin>200</ymin>
			<xmax>213</xmax>
			<ymax>224</ymax>
		</bndbox>
	</object>
</annotation>
