<annotation>
	<folder>k210img</folder>
	<filename>two9.jpg</filename>
	<path>F:\k210img\two9.jpg</path>
	<source>
		<database>Unknown</database>
	</source>
	<size>
		<width>224</width>
		<height>224</height>
		<depth>3</depth>
	</size>
	<segmented>0</segmented>
	<object>
		<name>two</name>
		<pose>Unspecified</pose>
		<truncated>0</truncated>
		<difficult>0</difficult>
		<bndbox>
			<xmin>32</xmin>
			<ymin>153</ymin>
			<xmax>84</xmax>
			<ymax>205</ymax>
		</bndbox>
	</object>
	<object>
		<name>eight</name>
		<pose>Unspecified</pose>
		<truncated>0</truncated>
		<difficult>0</difficult>
		<bndbox>
			<xmin>172</xmin>
			<ymin>46</ymin>
			<xmax>205</xmax>
			<ymax>82</ymax>
		</bndbox>
	</object>
</annotation>
